{
    "architecture": "MLP",
    "depth": 4,
    "width": 40,
    "optimizer": "adam",
    "method": "pmnn",
    "epochs": 50000,
    "data_points": 50000,
    "lambda_pred": 50.652976309661675,
    "lambda_true": 50.65197799455321,
    "best_iteration": 43598,
    "min_loss": 1.2010452146727171e-16,
    "time_seconds": 6935.868687868118,
    "peak_ram_MB": 81.99620628356934,
    "peak_gpu_MB": 8102.818359375,
    "device": "cuda"
}