{
    "model_type": "MLP",
    "optimizer": "Adam",
    "depth": 4,
    "width": 20,
    "adam_steps": 50000,
    "lbfgs_steps": 0,
    "lambda_true": 90.13039559891064,
    "lambda_pred": 90.13037708283765,
    "min_loss": 1.0159847851673525e-13,
    "time_seconds": 463.680207490921,
    "peak_memory_MB": 76.2093095779419,
    "peak_gpu_memory_MB": 130.732421875,
    "device": "cuda"
}