{
    "architecture": "MLP",
    "depth": 4,
    "width": 20,
    "optimizer": "adam",
    "method": "ipmnn",
    "epochs": 25000,
    "data_points": 20000,
    "lambda_pred": 39.478391610812,
    "lambda_true": 88.82643960980423,
    "best_iteration": 4454,
    "min_loss": 1.283508142651556e-09,
    "time_seconds": 789.2276384830475,
    "peak_ram_MB": 10.933743476867676,
    "peak_gpu_MB": 141.18896484375,
    "device": "cuda"
}