{
    "criterion": "loss_temporal",
    "architecture": "MLP",
    "depth": 4,
    "width": 80,
    "optimizer": "adam",
    "method": "pmnn",
    "dimension": 10,
    "epochs": 100000,
    "data_points": 70000,
    "lambda_pred": 1.4873543670427614,
    "lambda_true": 1.303955989106413,
    "best_iteration": 99763,
    "loss_value": 5.859785910057853e-11,
    "time_seconds": 35915.41615176201,
    "peak_ram_MB": 115.50127220153809,
    "peak_gpu_MB": 42641.14794921875,
    "device": "cuda"
}