{
    "model": "MLP_4x20_adam_ipmnn",
    "lambda_pred": 19.73917042353837,
    "lambda_true": 19.739208802178716,
    "lambda_abs_error": 3.8378640347502824e-05,
    "lambda_rel_error": 1.944284633296284e-06,
    "L2_error": 0.000585651367344149,
    "Linf_error": 0.0011776654738560044,
    "elapsed_minutes": 0.0
}