{
    "criterion": "loss_temporal",
    "architecture": "MLP",
    "depth": 4,
    "width": 20,
    "optimizer": "adam",
    "method": "pmnn",
    "dimension": 2,
    "epochs": 50000,
    "data_points": 20000,
    "lambda_pred": 80.25993688342733,
    "lambda_true": 80.26079119782128,
    "best_iteration": 47747,
    "loss_value": 9.571653101099486e-14,
    "time_seconds": 1560.0405900478363,
    "peak_ram_MB": 90.35312747955322,
    "peak_gpu_MB": 661.03759765625,
    "device": "cuda"
}