{
    "criterion": "loss_temporal",
    "architecture": "MLP",
    "depth": 4,
    "width": 20,
    "optimizer": "adam",
    "method": "pmnn",
    "dimension": 1,
    "epochs": 50000,
    "data_points": 15000,
    "lambda_pred": 90.13038044974779,
    "lambda_true": 90.13039559891064,
    "best_iteration": 42563,
    "loss_value": 4.7053458001053545e-15,
    "time_seconds": 1080.3416104316711,
    "peak_ram_MB": 90.06251430511475,
    "peak_gpu_MB": 270.24755859375,
    "device": "cuda"
}