{
    "architecture": "MLP",
    "depth": 4,
    "width": 20,
    "optimizer": "adam",
    "method": "pmnn",
    "epochs": 50000,
    "data_points": 20000,
    "lambda_pred": 80.260506122988,
    "lambda_true": 80.26079119782128,
    "best_iteration": 49178,
    "min_loss": 2.1571596556576218e-13,
    "time_seconds": 942.0347831249237,
    "peak_ram_MB": 82.00231075286865,
    "peak_gpu_MB": 658.88671875,
    "device": "cuda"
}