{
    "criterion": "loss_combined",
    "architecture": "MLP",
    "depth": 4,
    "width": 20,
    "optimizer": "adam",
    "method": "pmnn",
    "dimension": 2,
    "epochs": 50000,
    "data_points": 20000,
    "lambda_pred": 80.25959344521561,
    "lambda_true": 80.26079119782128,
    "best_iteration": 49873,
    "loss_value": 2.0680659883008603e-10,
    "time_seconds": 1582.8164887428284,
    "peak_ram_MB": 24.265716552734375,
    "peak_gpu_MB": 661.03759765625,
    "device": "cuda"
}