{
    "architecture": "MLP",
    "depth": 8,
    "width": 40,
    "optimizer": "adam",
    "method": "pmnn",
    "epochs": 15000,
    "data_points": 20000,
    "lambda_pred": 80.2560634054583,
    "lambda_true": 80.26079119782128,
    "min_loss": 5.535711657159334e-12,
    "time_seconds": 8235.8142952919,
    "peak_ram_MB": 76.34939384460449,
    "peak_gpu_MB": 0.0,
    "device": "cpu"
}