{
    "criterion": "loss_combined1",
    "architecture": "MLP",
    "depth": 4,
    "width": 20,
    "optimizer": "adam",
    "method": "pmnn",
    "dimension": 2,
    "epochs": 50000,
    "data_points": 20000,
    "lambda_pred": 80.25995711995819,
    "lambda_true": 80.26079119782128,
    "best_iteration": 49745,
    "loss_value": 2.6255350698001576e-10,
    "time_seconds": 1560.0405900478363,
    "peak_ram_MB": 90.35312747955322,
    "peak_gpu_MB": 661.03759765625,
    "device": "cuda"
}