{
    "architecture": "MLP",
    "depth": 4,
    "width": 20,
    "optimizer": "adam",
    "method": "pmnn",
    "epochs": 50000,
    "data_points": 20000,
    "lambda_pred": 80.26200330388114,
    "lambda_true": 80.26079119782128,
    "min_loss": 1.7744851157265868e-13,
    "time_seconds": 945.0917873382568,
    "peak_ram_MB": 81.98364067077637,
    "peak_gpu_MB": 658.88671875,
    "device": "cuda"
}