{
    "model_type": "ResNet",
    "optimizer": "Adam",
    "depth": 4,
    "width": 20,
    "adam_steps": 50000,
    "lbfgs_steps": 0,
    "lambda_true": 90.13039559891064,
    "lambda_pred": 90.13039552036032,
    "min_loss": 3.5125015994462094e-16,
    "time_seconds": 754.0640134811401,
    "peak_memory_MB": 76.20981121063232,
    "peak_gpu_memory_MB": 141.47216796875,
    "device": "cuda"
}