{
    "architecture": "MLP",
    "depth": 4,
    "width": 20,
    "optimizer": "adam",
    "method": "pmnn",
    "epochs": 50000,
    "data_points": 20000,
    "lambda_pred": 80.26001026731772,
    "lambda_true": 80.26079119782128,
    "best_iteration": 36102,
    "min_loss": 9.375897786534058e-14,
    "time_seconds": 2118.9590368270874,
    "peak_ram_MB": 90.21095371246338,
    "peak_gpu_MB": 659.03955078125,
    "device": "cuda"
}