{
    "architecture": "MLP",
    "depth": 2,
    "width": 80,
    "optimizer": "adam",
    "method": "pmnn",
    "epochs": 50000,
    "data_points": 20000,
    "lambda_pred": 80.26036928802151,
    "lambda_true": 80.26079119782128,
    "best_iteration": 38537,
    "min_loss": 1.196214073518994e-13,
    "time_seconds": 1482.7000136375427,
    "peak_ram_MB": 90.33159160614014,
    "peak_gpu_MB": 1256.1376953125,
    "device": "cuda"
}