{
    "criterion": "loss_combined1",
    "architecture": "MLP",
    "depth": 4,
    "width": 20,
    "optimizer": "adam",
    "method": "pmnn",
    "dimension": 1,
    "epochs": 5000,
    "data_points": 15000,
    "lambda_pred": 90.12919552192993,
    "lambda_true": 90.13039559891064,
    "best_iteration": 4985,
    "loss_value": 2.558777509326269e-09,
    "time_seconds": 124.42396521568298,
    "peak_ram_MB": 68.69452667236328,
    "peak_gpu_MB": 270.24755859375,
    "device": "cuda"
}