{
    "architecture": "MLP",
    "depth": 4,
    "width": 20,
    "optimizer": "adam",
    "method": "pmnn",
    "epochs": 100000,
    "data_points": 20000,
    "lambda_pred": 80.26063369521029,
    "lambda_true": 80.26079119782128,
    "min_loss": 5.110021151971844e-14,
    "time_seconds": 1897.6090819835663,
    "peak_ram_MB": 102.62463188171387,
    "peak_gpu_MB": 658.88671875,
    "device": "cuda"
}