{
    "architecture": "MLP",
    "depth": 4,
    "width": 20,
    "optimizer": "adam",
    "method": "pmnn",
    "epochs": 100000,
    "data_points": 20000,
    "lambda_pred": 80.260636974805,
    "lambda_true": 80.26079119782128,
    "best_iteration": 99310,
    "min_loss": 4.7017658404768995e-14,
    "time_seconds": 2999.5904457569122,
    "peak_ram_MB": 47.5483341217041,
    "peak_gpu_MB": 660.884765625,
    "device": "cuda"
}