{
    "criterion": "loss_combined1",
    "architecture": "MLP",
    "depth": 4,
    "width": 20,
    "optimizer": "adam",
    "method": "pmnn",
    "dimension": 1,
    "epochs": 50000,
    "data_points": 15000,
    "lambda_pred": 90.13038349921008,
    "lambda_true": 90.13039559891064,
    "best_iteration": 49997,
    "loss_value": 8.636196899015613e-11,
    "time_seconds": 1100.778312921524,
    "peak_ram_MB": 89.95139694213867,
    "peak_gpu_MB": 270.24755859375,
    "device": "cuda"
}