{
    "model": "MLP_4x20_adam_pmnn",
    "lambda_pred": 80.26059099949016,
    "lambda_true": 80.26079119782128,
    "lambda_abs_error": 0.0002001983311146205,
    "lambda_rel_error": 2.4943478394224323e-06,
    "L2_error": 0.0003449013213042828,
    "Linf_error": 0.000921709837315543,
    "elapsed_minutes": 0.0
}