{
    "criterion": "loss_temporal",
    "architecture": "MLP",
    "depth": 4,
    "width": 20,
    "optimizer": "adam",
    "method": "pmnn",
    "dimension": 2,
    "epochs": 50000,
    "data_points": 20000,
    "lambda_pred": 80.26068089390913,
    "lambda_true": 80.26079119782128,
    "best_iteration": 45888,
    "loss_value": 1.20964317363215e-13,
    "time_seconds": 1625.775099992752,
    "peak_ram_MB": 90.32343006134033,
    "peak_gpu_MB": 661.03759765625,
    "device": "cuda"
}