{
    "criterion": "loss_combined",
    "architecture": "MLP",
    "depth": 4,
    "width": 80,
    "optimizer": "adam",
    "method": "pmnn",
    "dimension": 10,
    "epochs": 100000,
    "data_points": 70000,
    "lambda_pred": 1.419850448596393,
    "lambda_true": 1.303955989106413,
    "best_iteration": 99934,
    "loss_value": 5.925047128356182e-07,
    "time_seconds": 35976.56683373451,
    "peak_ram_MB": 115.61180877685547,
    "peak_gpu_MB": 42641.8173828125,
    "device": "cuda"
}