{
    "architecture": "MLP",
    "depth": 2,
    "width": 60,
    "optimizer": "adam",
    "method": "pmnn",
    "epochs": 50000,
    "data_points": 20000,
    "lambda_pred": 80.25903436246517,
    "lambda_true": 80.26079119782128,
    "min_loss": 6.151049122899894e-13,
    "time_seconds": 1028.1373381614685,
    "peak_ram_MB": 81.99212169647217,
    "peak_gpu_MB": 946.4541015625,
    "device": "cuda"
}