{
    "architecture": "MLP",
    "depth": 4,
    "width": 20,
    "optimizer": "adam",
    "method": "pmnn",
    "epochs": 15000,
    "data_points": 20000,
    "lambda_pred": 80.25178944288668,
    "lambda_true": 80.26079119782128,
    "min_loss": 2.038373311668684e-12,
    "time_seconds": 1798.0794084072113,
    "peak_ram_MB": 67.28179836273193,
    "peak_gpu_MB": 0.0,
    "device": "cpu"
}