{
    "architecture": "MLP",
    "depth": 4,
    "width": 40,
    "optimizer": "adam",
    "method": "pmnn",
    "epochs": 15000,
    "data_points": 20000,
    "lambda_pred": 80.26043006085628,
    "lambda_true": 80.26079119782128,
    "min_loss": 3.027233635402846e-13,
    "time_seconds": 3699.6015100479126,
    "peak_ram_MB": 67.27242755889893,
    "peak_gpu_MB": 0.0,
    "device": "cpu"
}