{
    "architecture": "MLP",
    "depth": 2,
    "width": 40,
    "optimizer": "adam",
    "method": "pmnn",
    "epochs": 100000,
    "data_points": 100000,
    "lambda_pred": 0.006932510080729638,
    "lambda_true": 1.303955989106413,
    "best_iteration": 2583,
    "min_loss": 5.648709727196034e-16,
    "time_seconds": 15358.307962417603,
    "peak_ram_MB": 115.46646213531494,
    "peak_gpu_MB": 17153.54052734375,
    "device": "cuda"
}