{
    "criterion": "loss_temporal",
    "architecture": "MLP",
    "depth": 4,
    "width": 20,
    "optimizer": "adam",
    "method": "pmnn",
    "dimension": 1,
    "epochs": 50000,
    "data_points": 10000,
    "lambda_pred": 90.13039051177704,
    "lambda_true": 90.13039559891064,
    "best_iteration": 38671,
    "loss_value": 5.429005452148588e-16,
    "time_seconds": 1149.29212808609,
    "peak_ram_MB": 89.94401264190674,
    "peak_gpu_MB": 186.33203125,
    "device": "cuda"
}