{
    "criterion": "loss",
    "architecture": "MLP",
    "depth": 4,
    "width": 20,
    "optimizer": "adam",
    "method": "pmnn",
    "dimension": 2,
    "epochs": 50000,
    "data_points": 20000,
    "lambda_pred": 80.26113706561573,
    "lambda_true": 80.26079119782128,
    "best_iteration": 49677,
    "loss_value": 7.434674480773859e-10,
    "time_seconds": 1592.098198890686,
    "peak_ram_MB": 24.266121864318848,
    "peak_gpu_MB": 661.03759765625,
    "device": "cuda"
}