{
    "architecture": "MLP",
    "depth": 4,
    "width": 20,
    "optimizer": "adam",
    "method": "ipmnn",
    "epochs": 50000,
    "lambda_pred": 9.86960440946477,
    "lambda_true": 9.869604401089358,
    "min_loss": 1.7278893658102892e-12,
    "time_seconds": 815.0775806903839,
    "peak_ram_MB": 79.69976234436035,
    "peak_gpu_MB": 78.5947265625,
    "device": "cuda"
}