{
    "architecture": "MLP",
    "depth": 4,
    "width": 20,
    "optimizer": "adam",
    "method": "pmnn",
    "epochs": 15000,
    "data_points": 20000,
    "lambda_pred": 80.25911833082984,
    "lambda_true": 80.26079119782128,
    "min_loss": 2.7182758226745586e-13,
    "time_seconds": 288.17655849456787,
    "peak_ram_MB": 67.27865791320801,
    "peak_gpu_MB": 658.88671875,
    "device": "cuda"
}