{
    "architecture": "MLP",
    "depth": 4,
    "width": 20,
    "optimizer": "adam",
    "method": "ipmnn",
    "epochs": 50000,
    "data_points": 20000,
    "lambda_pred": 19.73918873551476,
    "lambda_true": 19.739208802178716,
    "best_iteration": 46381,
    "min_loss": 1.0139721606352987e-11,
    "time_seconds": 2457.903753042221,
    "peak_ram_MB": 87.27371120452881,
    "peak_gpu_MB": 242.1513671875,
    "device": "cuda"
}