{
    "architecture": "MLP",
    "depth": 4,
    "width": 20,
    "optimizer": "adam",
    "method": "ipmnn",
    "epochs": 50000,
    "data_points": 20000,
    "lambda_pred": 19.73917042353837,
    "lambda_true": 19.739208802178716,
    "min_loss": 9.311036901436148e-12,
    "time_seconds": 2512.3557305336,
    "peak_ram_MB": 87.2609395980835,
    "peak_gpu_MB": 242.1513671875,
    "device": "cuda"
}