{
    "architecture": "ResNet",
    "depth": 4,
    "width": 40,
    "optimizer": "adam",
    "method": "pmnn",
    "epochs": 50000,
    "data_points": 20000,
    "lambda_pred": 80.26042971688481,
    "lambda_true": 80.26079119782128,
    "best_iteration": 48720,
    "min_loss": 5.582710244930318e-14,
    "time_seconds": 2289.9969177246094,
    "peak_ram_MB": 90.73176956176758,
    "peak_gpu_MB": 1361.3671875,
    "device": "cuda"
}