{
    "architecture": "MLP",
    "depth": 2,
    "width": 80,
    "optimizer": "adam",
    "method": "pmnn",
    "epochs": 15000,
    "data_points": 20000,
    "lambda_pred": 80.26008682805197,
    "lambda_true": 80.26079119782128,
    "min_loss": 1.242641207126368e-13,
    "time_seconds": 4127.689102172852,
    "peak_ram_MB": 67.2767448425293,
    "peak_gpu_MB": 0.0,
    "device": "cpu"
}