{
    "criterion": "loss_temporal",
    "architecture": "MLP",
    "depth": 4,
    "width": 80,
    "optimizer": "adam",
    "method": "pmnn",
    "dimension": 10,
    "epochs": 100000,
    "data_points": 70000,
    "lambda_pred": 0.008082270962150176,
    "lambda_true": 1.303955989106413,
    "best_iteration": 314,
    "loss_value": 1.2852142793378875e-11,
    "time_seconds": 35747.479669332504,
    "peak_ram_MB": 115.42539310455322,
    "peak_gpu_MB": 42641.8173828125,
    "device": "cuda"
}