{
    "criterion": "loss",
    "architecture": "MLP",
    "depth": 4,
    "width": 20,
    "optimizer": "adam",
    "method": "pmnn",
    "dimension": 1,
    "epochs": 5000,
    "data_points": 15000,
    "lambda_pred": 90.12920813945465,
    "lambda_true": 90.13039559891064,
    "best_iteration": 5000,
    "loss_value": 5.048781701862853e-09,
    "time_seconds": 122.85805153846741,
    "peak_ram_MB": 68.68465900421143,
    "peak_gpu_MB": 270.24755859375,
    "device": "cuda"
}