{
    "architecture": "ResNet",
    "depth": 2,
    "width": 40,
    "optimizer": "adam",
    "method": "pmnn",
    "epochs": 50000,
    "data_points": 20000,
    "lambda_pred": 80.26061633836963,
    "lambda_true": 80.26079119782128,
    "best_iteration": 36735,
    "min_loss": 1.1169079163475375e-14,
    "time_seconds": 1667.7198266983032,
    "peak_ram_MB": 90.36316204071045,
    "peak_gpu_MB": 738.65625,
    "device": "cuda"
}