{
    "architecture": "MLP",
    "depth": 4,
    "width": 20,
    "optimizer": "adam",
    "method": "pmnn",
    "epochs": 50000,
    "data_points": 10000,
    "lambda_pred": 90.13039551745737,
    "lambda_true": 90.13039559891064,
    "best_iteration": 49910,
    "min_loss": 1.0408281771021444e-14,
    "time_seconds": 480.22579407691956,
    "peak_ram_MB": 89.54176425933838,
    "peak_gpu_MB": 186.31640625,
    "device": "cuda"
}