{
    "criterion": "loss_temporal",
    "architecture": "MLP",
    "depth": 4,
    "width": 40,
    "optimizer": "adam",
    "method": "pmnn",
    "dimension": 5,
    "epochs": 50000,
    "data_points": 50000,
    "lambda_pred": 50.65200075826381,
    "lambda_true": 50.65197799455321,
    "best_iteration": 40501,
    "loss_value": 1.7466227905881616e-16,
    "time_seconds": 4017.1813542842865,
    "peak_ram_MB": 92.19159030914307,
    "peak_gpu_MB": 8153.4296875,
    "device": "cuda"
}