{
    "architecture": "MLP",
    "depth": 4,
    "width": 40,
    "optimizer": "adam",
    "method": "pmnn",
    "epochs": 50000,
    "data_points": 20000,
    "lambda_pred": 80.26076585978262,
    "lambda_true": 80.26079119782128,
    "best_iteration": 49188,
    "min_loss": 1.5740830887359896e-13,
    "time_seconds": 1570.6305074691772,
    "peak_ram_MB": 90.33711338043213,
    "peak_gpu_MB": 1274.3955078125,
    "device": "cuda"
}