{
    "model_type": "ResNet",
    "optimizer": "Adam",
    "depth": 4,
    "width": 20,
    "adam_steps": 50000,
    "lbfgs_steps": 0,
    "lambda_true": 90.13039559891064,
    "lambda_pred": 90.13039419197881,
    "min_loss": 1.7784108440697914e-14,
    "time_seconds": 738.3134114742279,
    "peak_memory_MB": 68.41890907287598,
    "peak_gpu_memory_MB": 141.47216796875,
    "device": "cuda"
}