{
    "architecture": "MLP",
    "depth": 4,
    "width": 20,
    "optimizer": "adam",
    "method": "pmnn",
    "epochs": 75000,
    "data_points": 20000,
    "lambda_pred": 80.26041686059341,
    "lambda_true": 80.26079119782128,
    "best_iteration": 59423,
    "min_loss": 7.63265044282013e-14,
    "time_seconds": 2252.3223345279694,
    "peak_ram_MB": 35.94193935394287,
    "peak_gpu_MB": 660.884765625,
    "device": "cuda"
}