{
    "architecture": "MLP",
    "depth": 4,
    "width": 20,
    "optimizer": "adam",
    "method": "ipmnn",
    "epochs": 25000,
    "data_points": 20000,
    "lambda_pred": 39.47840627242843,
    "lambda_true": 39.47841760435743,
    "best_iteration": 4548,
    "min_loss": 1.8514242230304367e-10,
    "time_seconds": 837.9040803909302,
    "peak_ram_MB": 77.15099239349365,
    "peak_gpu_MB": 140.291015625,
    "device": "cuda"
}