{
    "architecture": "MLP",
    "depth": 4,
    "width": 20,
    "optimizer": "adam",
    "method": "ipmnn",
    "epochs": 50000,
    "data_points": 10000,
    "lambda_pred": 39.47841776381517,
    "lambda_true": 39.47841760435743,
    "min_loss": 3.0525136590961995e-10,
    "time_seconds": 3860.6020727157593,
    "peak_ram_MB": 79.65338325500488,
    "peak_gpu_MB": 0.0,
    "device": "cpu"
}