{
    "architecture": "MLP",
    "depth": 4,
    "width": 20,
    "optimizer": "adam",
    "method": "pmnn",
    "epochs": 5000,
    "data_points": 20000,
    "lambda_pred": 80.25721775123564,
    "lambda_true": 80.26079119782128,
    "best_iteration": 3518,
    "min_loss": 1.3693972850521937e-12,
    "time_seconds": 101.18445992469788,
    "peak_ram_MB": 63.16158580780029,
    "peak_gpu_MB": 658.88671875,
    "device": "cuda"
}