{
    "model": "MLP_4x20_adam_pmnn",
    "lambda_pred": 90.1303953843954,
    "lambda_true": 90.13039559891064,
    "lambda_abs_error": 2.145152393495664e-07,
    "lambda_rel_error": 2.3800543415362433e-09,
    "L2_error": 0.43543411531571424,
    "Linf_error": 1.0837394409917485,
    "elapsed_minutes": 0.0
}