{
    "architecture": "MLP",
    "depth": 4,
    "width": 20,
    "optimizer": "adam",
    "method": "pmnn",
    "epochs": 5000,
    "data_points": 20000,
    "lambda_pred": 80.25666384969558,
    "lambda_true": 80.26079119782128,
    "best_iteration": 3075,
    "min_loss": 1.2430984671057525e-12,
    "time_seconds": 161.06550455093384,
    "peak_ram_MB": 69.0620527267456,
    "peak_gpu_MB": 660.884765625,
    "device": "cuda"
}