{
    "architecture": "MLP",
    "depth": 4,
    "width": 20,
    "optimizer": "adam",
    "method": "pmnn",
    "epochs": 5000,
    "data_points": 20000,
    "lambda_pred": 80.25803971618754,
    "lambda_true": 80.26079119782128,
    "min_loss": 5.526397685809492e-13,
    "time_seconds": 601.7653374671936,
    "peak_ram_MB": 63.105783462524414,
    "peak_gpu_MB": 0.0,
    "device": "cpu"
}