{
    "architecture": "MLP",
    "depth": 4,
    "width": 20,
    "optimizer": "adam",
    "method": "ipmnn",
    "epochs": 25000,
    "data_points": 20000,
    "lambda_pred": 88.82646122161472,
    "lambda_true": 88.82643960980423,
    "best_iteration": 24561,
    "min_loss": 2.4464219069916462e-08,
    "time_seconds": 745.2823464870453,
    "peak_ram_MB": 10.922627449035645,
    "peak_gpu_MB": 141.18896484375,
    "device": "cuda"
}