{
    "architecture": "MLP",
    "depth": 4,
    "width": 20,
    "optimizer": "adam",
    "method": "pmnn",
    "epochs": 25000,
    "data_points": 20000,
    "lambda_pred": 80.25956001304382,
    "lambda_true": 80.26079119782128,
    "best_iteration": 23056,
    "min_loss": 1.2154372430163066e-13,
    "time_seconds": 487.4664282798767,
    "peak_ram_MB": 79.09103202819824,
    "peak_gpu_MB": 658.88671875,
    "device": "cuda"
}