{
    "architecture": "MLP",
    "depth": 4,
    "width": 20,
    "optimizer": "adam",
    "method": "pmnn",
    "epochs": 25000,
    "data_points": 20000,
    "lambda_pred": 80.2590355503148,
    "lambda_true": 80.26079119782128,
    "best_iteration": 9882,
    "min_loss": 1.8178083256774305e-13,
    "time_seconds": 762.4168722629547,
    "peak_ram_MB": 78.50816345214844,
    "peak_gpu_MB": 660.884765625,
    "device": "cuda"
}