{
    "architecture": "MLP",
    "depth": 2,
    "width": 20,
    "optimizer": "adam",
    "method": "pmnn",
    "epochs": 15000,
    "data_points": 20000,
    "lambda_pred": 80.25392084602738,
    "lambda_true": 80.26079119782128,
    "min_loss": 2.794691379441834e-13,
    "time_seconds": 1217.4730205535889,
    "peak_ram_MB": 67.26708316802979,
    "peak_gpu_MB": 0.0,
    "device": "cpu"
}