{
    "architecture": "MLP",
    "depth": 2,
    "width": 20,
    "optimizer": "adam",
    "method": "pmnn",
    "epochs": 50000,
    "data_points": 20000,
    "lambda_pred": 80.25984215447947,
    "lambda_true": 80.26079119782128,
    "best_iteration": 47203,
    "min_loss": 3.6183875643239284e-14,
    "time_seconds": 1417.0839939117432,
    "peak_ram_MB": 90.32321071624756,
    "peak_gpu_MB": 349.57421875,
    "device": "cuda"
}